,time_powerflow,time_generate_SS_net,time_generate_SS_elem,time_connect,time_eig,time_partfact,case_id,Stability
0,17.811951699999554,21.871390899999824,5.36581760000081,6.247403699999268,2.6678725000001577,5.0706401000006736,62edcbcf-c790-4676-9eef-6be2fb7f51e1,1
1,13.704333900001075,22.112671999999293,5.378335200000947,6.171125500000926,2.631606200000533,4.9969994999992196,3ddc4b3f-c58a-4bc3-8cc8-2543f8a8def9,1
2,13.024382100000366,21.94740759999877,5.401051200000438,6.076585399998294,2.7263170999995054,5.1661672000009276,c3dc3a19-e140-4ab9-8ca9-aaf520c43bbe,1
3,18.582171899999594,21.870714199998474,5.364263400000709,6.249102800000401,2.826391500000682,5.268139199999496,10e2a42d-1af5-4e9c-b2d5-7a9030260ac1,1
4,6.938951099999031,22.132749300000796,5.25144150000051,5.898936199999298,2.6588561999997182,4.94266400000015,15bde787-6fb3-4fc3-8c5d-890ad2d11300,1
5,18.706120400000145,21.46751740000036,6.11680030000025,7.062607100000605,2.8889173999996274,5.566584500000317,4c32c018-9f28-433f-aaf7-0a22b4f051fd,1
6,19.955481599999985,22.62782210000114,5.804715700000088,6.858184700000493,6.027900500001124,5.021936799999821,d97a676c-166a-43f5-b0ea-d79fda72d49e,1
7,15.475022799999351,21.073136999999406,5.412986799999999,6.134141599999566,2.55505439999979,4.616301899999598,46568c3f-5fe2-468f-a047-2443de401680,1
8,20.689249899998686,21.50312320000012,5.781146999999692,6.737149599999611,2.5666648000005807,4.8821182000010594,151d1abf-79e7-4208-800c-159b74e1b40e,1
9,20.761850999999297,21.30733119999968,5.765497500000492,6.679711099999622,2.450520000000324,4.764929900000425,e79604c5-30ad-46bb-b92d-ef8c54a74d35,1
10,16.57021259999965,22.3988348999992,6.210742699999173,7.147274099999777,3.1296493999998347,5.936714500001472,e205c224-9ef2-463c-9ff9-5a9e2045ad0d,1
11,15.186514400000306,22.80680300000131,6.192994099999851,7.194030399999974,3.059431100000438,6.008457500000077,e83966e4-65eb-4508-a89c-a496dafe9ed2,1
12,17.66150480000033,22.55546999999933,6.203778900000543,7.237500600000203,3.019152500000928,5.842298700001265,cc8c5332-b2d6-42e2-84ad-ac1e5668fe3c,1
13,13.4505476000013,22.066700900000797,6.194151800000327,7.355649699999049,3.0275325999991765,5.880858200000148,da51cdd9-ec67-434f-b709-3e69cb56e0e5,1
14,11.663048499998695,22.514054999999644,6.196874200000821,7.19419360000029,3.07547650000015,8.331266200000755,8053ebcf-0f69-4499-bac6-866ba0d12eac,1
15,18.831845799999428,,,,,,766e254e-1177-4397-aa6c-ed60242b4878,-2
16,20.973234900000534,,,,,,2e96e9c6-cb72-461d-88f3-daf8f0d0cdcc,-2
17,20.058782699999938,,,,,,a4c5bf24-4da9-4f04-b2a2-3a9ef3b28e81,-2
18,22.95758449999994,,,,,,83bb0711-0496-4af6-abc6-1da31ca61b56,-2
19,16.345479199999318,,,,,,9db01614-9481-4921-a6e8-46087f867096,-2
20,21.779573799998616,22.581304600000294,6.264221200000975,7.136531599999216,3.02219519999926,5.7782289999995555,19e4b86d-6e38-4c21-94de-69e4b252d617,0
21,10.260813400000188,21.653055400000085,6.16114959999868,7.315538500000912,3.0420859000005294,5.8609660000001895,5a7b8bf4-278a-4df1-95af-ff14568f0bbd,0
22,16.24559489999956,22.417402799999763,6.146030199999586,7.188762499999939,3.05682490000072,7.413113099999464,4b4ecb5b-be20-497e-b510-fbed952e3c9c,0
23,16.58824679999998,21.821090400000685,6.209151999999449,7.136017699998774,3.1010713999985455,5.813170199999149,685f54b4-a9d4-498e-a38c-1ea986393091,0
24,13.409329199999775,22.59874839999975,6.1301117000002705,7.104849600000307,2.9763273000007757,5.840660500000013,ad33a1ec-784c-472c-983d-dbda7d422260,0
25,11.476849399999992,22.318057300000874,6.294845700000224,7.566802400000597,3.6596466999999393,8.348592300000746,b02510c5-480b-4c87-8c1d-af9ca8056a68,0
26,9.42899430000034,22.507539700000052,6.3622606999997515,7.353810900000099,3.5413228000015806,6.596700899999632,15ab7e0e-4184-4c9e-b9b9-151918d939d0,0
27,7.318820200000118,22.278911999999764,6.2479643000006035,7.542302500000005,3.560823000001619,6.772343599999658,c32a9449-7813-4de6-a57e-5def22baaa98,0
28,13.607827799998631,22.496202000000267,6.262027000000671,7.365973600000871,3.838804400000299,6.808105099999011,31057dcb-f3b5-4337-a430-5a199e81e3e1,0
29,13.65616190000037,22.498955600000045,6.302511300000333,7.220908500001315,3.6235652999985177,6.750544499998796,ace596b5-ea6c-435b-8b62-95d1113b15c3,0
30,8.152172599999176,21.933018300000185,5.574549699998897,6.20852609999929,2.9093736999984685,5.369725500000641,9fa74739-f4a3-4d46-82d0-e2635d93f1d4,1
31,5.361534600000596,22.303742499998407,5.21570040000006,5.914518499999758,2.602759800000058,4.927483000001303,b7cbc657-9d39-47f9-bf30-7bb580e74100,1
32,7.414557500000228,22.10542220000025,5.251079600000594,6.037758599999506,2.6808680999984063,4.9952311999986705,33441770-8785-4ac1-9f4d-19b91fd861ca,1
33,12.731855100000757,21.98610009999902,5.315990999999485,5.979320800001005,2.6842818000004627,4.877884300000005,a7ba6899-cfc6-40ea-8d64-40bd72d93c90,1
34,11.687268400000903,21.799174899999343,5.141401000000769,5.928732899999886,2.7487844999996014,4.951374800000849,2ac97b5b-abc5-4d28-aead-80c22fc92242,1
35,9.700306200000341,22.422186100000545,5.9136027000004106,7.1556963000002725,3.0245954000001802,5.982770299999174,3df893d4-c607-49f5-bf0d-38d5a8dfb328,0
36,11.309274499999447,22.703218099999503,6.205512499998804,7.233309199998985,3.5167661999985285,6.4025910000000295,dd2ff6a7-1f41-41db-a924-aafc2de5ec9e,1
37,10.123220800000126,21.860872899998867,6.0083582999996,7.03908489999958,3.539512900000773,6.389811400000326,4057f837-e9a6-44a7-a000-25ecd6a76f29,1
38,13.096408699999301,22.610375500000373,6.378532299999279,7.18261320000056,6.695622699999149,8.771498699999938,dda22743-545d-4c75-9b71-7e646e5a8b16,1
39,9.306818300001396,22.452062600001227,6.232533599999442,7.216838999998799,5.018020699999397,6.761749300001611,1a497814-958a-47a6-9453-a27e204ee907,0
40,12.737225999999282,,,,,,a0d275e2-519a-468c-bd0b-41d034661af6,-2
41,31.553689599999416,,,,,,79462692-6286-42d9-9626-823abc3f3493,-2
42,21.236364200001844,,,,,,caa8bcb2-ab17-47c4-8f4a-7f9a8e11f237,-2
43,14.211245800001052,,,,,,ef947597-68e9-4885-bce6-5cd6c5330cf5,-2
44,14.623386300001584,,,,,,42e3d87b-a41a-42f5-af55-879b397da897,-2
45,17.40788959999918,,,,,,d7ea8ac0-a42b-448f-8bad-f118cbedebc4,-2
46,13.500164799999766,22.0694642999988,8.859466899997642,7.06807900000058,2.92434250000224,5.7643779999998515,5818f45a-706e-4b5c-a3f7-068662d0f6a6,0
47,16.43236430000252,,,,,,1a128e24-813e-4eb9-badc-ae2802d4336e,-2
48,14.18580970000039,,,,,,ce5a9e6d-7421-4569-bb0e-b72082b897f4,-2
49,15.387030400001095,,,,,,9cc624dd-0939-43bc-bad6-5c64a08c70dc,-2
50,42.08081559999846,,,,,,b50775dc-a989-4fcb-b4fa-18a5c3457f8a,-1
51,17.29323529999965,,,,,,005ef609-a243-4edb-a44e-9a944961e03c,-2
52,20.847169000000576,,,,,,0a9f10fb-f413-462c-a271-34821345a279,-2
53,15.933503800002654,,,,,,68ede13b-c539-4ffb-bf33-567c8e1bf8d4,-2
54,15.80261789999713,,,,,,ffb21019-ed22-4150-9f86-1d798c2f8b2c,-2
55,12.104826900002081,,,,,,f61427d0-9b87-4007-88d3-a1743d65d2e9,-2
56,14.867439400000876,,,,,,fb8a5227-1247-4eed-bbcc-ad8477701864,-2
57,10.511700200000632,,,,,,0c44e079-1905-4ed3-a6d2-fdb274199a52,-2
58,13.894785100001172,,,,,,73eacd8a-1956-499c-87e8-2574bbbeead2,-2
59,17.203533200001402,,,,,,82e9bfa1-d904-4a0e-ba4c-447f17d1f7d4,-2
60,11.94617119999748,,,,,,9c2bbb11-fba6-4b47-aed1-a4f0edf8a11d,-2
61,9.633632500001113,,,,,,28a56840-cee8-4dd7-b690-ad86d5a731a6,-2
62,11.730503299997508,,,,,,5e6ea05e-454a-4942-8c6f-e29198e549eb,-2
63,13.72759909999877,,,,,,0b7421bc-a7d2-45a1-97c4-714a76aa4035,-2
64,20.44372680000015,,,,,,5810c77b-b3cd-4cf8-865c-e9256211a37a,-2
65,22.618960300000253,22.01180960000056,5.756937899999684,6.766665099999955,2.5799160999995365,5.037070600001243,e53172a8-23d0-468a-ab47-eb30897399f8,1
66,27.39861380000002,22.23463029999948,5.4896607999999105,6.158357700000124,2.3254961999991792,4.542668399999457,9df847b4-c739-4457-a4e4-06eb619216d5,1
67,16.066603599998416,22.26677110000128,6.0276644000005035,6.926639700001033,2.7744504000002053,5.357107199999518,781b3df7-cd50-4c6a-a2e1-9f1df1b69011,0
68,19.331219800000326,22.82547069999964,6.001577799999723,7.1738631000007445,3.9598150000001624,5.447473300000638,6e9a01c3-3613-4165-a73a-d2ce2686b837,0
69,16.591079799998624,22.911879999999655,5.851048799999262,6.792747600000439,2.623402899998837,5.169783299999835,d2a271ff-7bd3-4e5e-8363-15e12c8a538e,0
70,17.35769629999959,21.441478999999163,6.2269140999997035,7.234803499999543,3.1321242000012717,5.889889899999616,2f9180ec-3611-4cd8-807f-d6c352a5149d,1
71,21.66957419999926,22.124412400000438,6.176014900000155,7.048191300000326,5.3350786000009975,6.1085161000009975,c81e1f62-c868-45e0-a212-610401ae18a5,0
72,24.5781336,22.340497099999993,6.209399800000028,7.394222699998863,3.043455000000904,5.874246499999572,a42f53c4-52b1-467e-a0dc-566c5a69c4f2,1
73,16.924542299999302,21.697298000000956,6.144750200000999,7.239197000000786,3.0360473999990063,5.7648841999998695,cfd29278-bf85-4565-a4a0-74e875240f8a,1
74,22.45417129999987,22.403215499998623,6.186149099999966,7.276651399999537,3.0652532000003703,6.66334199999983,e260338a-38b0-437c-a771-edab53f26692,1
75,19.2781085000006,21.424229899999773,5.878304699999717,7.0132834000014554,2.5426234000005934,5.074769799999558,81804d93-a8df-4256-831b-039580f5fa53,1
76,15.822191999999632,21.266080999999758,5.699922900001184,6.492057399998885,2.406412399999681,4.928384300001198,e1e68bfc-d960-47ef-aa7e-2a433be43b89,1
77,16.27650999999969,21.171288999999888,5.964956099998744,6.943235700000514,3.022619500001383,5.729445300001316,f35f459e-5360-478a-ad30-e8300daf1c3d,0
78,20.940231500000664,22.139461600001596,6.084636600000522,6.8649767999995674,2.646127500000148,5.1761007999994035,35817305-6e1c-45ab-aef5-f3220ab7862c,1
79,20.517652700000326,22.26678649999849,6.086290799999915,7.0325815999985934,2.7739803999993455,8.368566900000587,d3c17e21-3216-45f8-b18e-eccf65e5ca55,1
80,13.609484899998279,,,,,,1f65c369-b10d-4f79-b193-f5521ada3545,-2
81,30.86576790000072,22.144297000000734,6.27425459999904,6.957096500000262,3.022904200000994,5.8832949999996345,dae5d477-694e-471a-bdde-3b6e880dd552,1
82,20.461685100000977,,,,,,4a816977-04c8-4ab4-ba36-cfbaaefbc8af,-2
83,20.77750229999947,,,,,,fe130eb8-e774-4f02-8fae-780e78d33879,-2
84,23.077985399999307,,,,,,baccf5bf-31f9-4e30-b4f6-f9a0e69aa3e3,-2
85,15.116387000000032,22.552308999998786,6.290544900000896,7.292714399998658,3.7079796999987593,6.642767800000001,df3a00c2-af5c-4d18-ac78-0e06df7d2c5d,0
86,38.54623240000001,,,,,,3b7b8397-0d33-4ffc-857f-29adac3cd132,-1
87,12.76203549999991,22.725837399999364,6.30763830000069,7.316827299999204,3.5919309000000794,6.6346122000013565,80893000-5b90-42bf-bcea-3b305ba564f7,1
88,14.10409460000119,22.560673699999825,6.329734000000826,7.293679200000042,6.563021899999512,6.482403800000611,07315e0d-0e0c-4d60-9aa3-db3a240e62c2,1
89,19.54347190000044,22.597646300000633,6.283864400000311,7.285253300000477,3.533435499999541,6.478749800000514,57f8ad42-93ec-444d-87a3-7784b9675217,1
90,15.498445699999138,21.974143399998866,6.17580050000106,7.154606000000058,3.124492499999178,5.7549644999999146,4dba4808-1554-4450-a38d-de17f4f531f9,1
91,19.997855400000844,22.147214900000108,6.175986500000363,7.223176900000908,2.9583497000003263,6.070026100000177,ecbf320f-f5de-42db-9485-509b387a5aae,1
92,13.028159100000266,22.534825800001272,6.167376800000056,7.266035500000726,3.274073099999441,6.33892460000061,933fda90-8a0e-45fb-8843-7f4fc42244e5,1
93,12.502542500000345,22.094852499998524,6.189549000000625,7.376355700000204,3.0758482000001095,5.940379099998609,515efce3-8405-45a5-9251-9c33d53b657b,1
94,13.475354500000321,21.954762700001083,6.074259999999413,7.246366100000159,3.0709659999993164,6.048684200000935,a00f85e3-068f-492c-b524-5e29bb0de2b0,1
95,18.312965900000563,,,,,,6a966ffd-9d4e-4fc6-919e-45cb73478d42,-2
96,13.810636199999863,23.42084850000174,8.86894680000114,7.235710600001767,3.098622299999988,5.8221362000003865,782f215d-6666-4c42-b6a8-31166695d6d4,0
97,14.691431599996577,,,,,,aaa3488d-e92d-4514-967b-fc86c36b9925,-2
98,11.73241649999909,21.48228939999899,8.899991800000862,7.282855600002222,2.9375336000011885,5.8180204999989655,581bbcca-f157-43af-9298-60274bc68a57,0
99,21.09004659999846,21.668120700000145,8.861973499999294,7.11869569999908,6.227064000002429,8.4005674,639a3854-cce8-4d93-9781-d27de40b5aad,0
100,12.939310300000216,21.743771800000104,8.202730500001053,6.665632600001118,2.3798629000011715,4.654116699999577,595a6796-0669-48ca-b5cd-cd285774551a,1
101,14.243607999997039,22.04733380000107,8.33701320000182,6.768531699999585,2.433932400002959,4.895366000000649,87335a6a-2e0d-4f40-8c93-6cda20340231,0
102,18.248055600000953,21.220749600001,8.27139470000111,6.626913699998113,4.8379146000006585,4.726759600001969,56259645-2824-4621-95f1-45af363ed6c4,1
103,12.347853300001589,22.21368010000151,8.547937100000127,6.8458624000013515,2.632863400001952,5.169106499997724,66f98234-5428-4eb5-a613-563a96a47f96,1
104,16.7807255000007,21.79609459999847,8.56438049999997,6.979314399999566,2.6755955000007816,5.262421900002664,ee55d606-2c4d-4b98-8282-67d2885c829d,0
105,12.998722599997564,,,,,,4bcc3ad1-da11-4a84-a909-14c1df3df51a,-2
106,32.060461699998996,22.040693200000533,8.096936700003425,6.399774900000921,8.739892099998542,4.925994599998376,889ae109-d618-4e05-953b-6014be17529a,1
107,11.41165959999853,21.907360600001994,9.018754299999273,7.407509200002096,3.071453199998359,5.882876499999838,5e45cb9b-9d27-4f72-abcc-e61baddb57fc,1
108,13.325562699999864,,,,,,4c97e17d-d0f8-4138-a6e5-5f863ec6804d,-2
109,14.57396289999815,,,,,,53cb5b79-d3c4-4883-a116-1d338148629d,-2
110,11.36562530000083,,,,,,96d878be-f291-459d-bfcf-c811c1047c18,-2
111,14.038627699999779,,,,,,02f6374a-799f-4e29-a43a-5a3eae9b1230,-2
112,12.238046999998915,,,,,,256b3514-8cde-4d60-8e39-5e3bdfe96aaa,-2
113,14.18673189999754,,,,,,47eb0010-9f11-4800-839a-550be45dde63,-2
114,10.71221019999939,,,,,,4e123497-c9b6-436d-8965-a85829f007cc,-2
115,15.595266200001788,,,,,,1c3b442b-d0f9-49d2-8953-9e65f7dae79a,-2
116,21.059030500000517,,,,,,a2d47e19-4439-4ea9-a34e-7ffbb80d7054,-2
117,15.873448199999984,,,,,,aeb41411-1b8a-4796-84ab-8d0a1fd6ad5b,-2
118,15.857318999998824,,,,,,506ab6a4-463f-47a4-beee-37f8633090aa,-2
119,24.783472999999503,,,,,,d1373b6f-9eaa-48a8-88c1-3464253747bc,-2
120,17.028736299998855,,,,,,685044ef-0ffc-461f-a16f-a9c9b0c5d2ff,-2
121,14.701696699999957,22.09981340000013,6.188620200000514,7.348947300000873,2.984728299999915,5.761116699999548,f5630f16-99b1-4b22-a4f7-e1fe936e30f7,0
122,25.03959699999905,,,,,,2ce7f7d6-7522-4735-9313-14ee2fe20d0e,-2
123,25.508868500000972,,,,,,03493df6-62b1-4576-a273-91fb78bf4629,-2
124,18.2954864000003,,,,,,6e250dda-fe09-4271-8df7-5ad7e5086b45,-2
125,17.6199359000002,21.81841809999969,6.210433800000828,7.215682299998662,3.0682980000001407,5.810277599999608,fc853d60-f9d5-45b3-bd01-9dd7a1d581c3,1
126,23.98379119999845,22.409017300000414,6.225984400000016,7.48784650000016,3.026218400000289,6.375984399999652,c3bd0867-c5e9-4f21-87bf-e14a4aec887c,1
127,16.543105099999593,22.02190789999986,6.131239899999855,7.281211000001349,3.1024195999998483,5.7852432999989105,0a849375-1401-4aaf-b8a8-9b89ee03289c,1
128,19.451189100000192,23.003442400000495,6.200330599998779,7.499958599999445,3.042868600001384,6.250507600001583,752826d9-bf87-4429-8dfa-10ba25680658,1
129,18.697017700000288,22.220893400000932,6.206248500000584,7.077958399999261,3.0644969000004494,5.802696900000228,95c7c06c-bf39-4bf4-a878-e059867eb011,1
130,18.314882399999988,,,,,,d155b744-4764-4bfe-857d-90ed03da9565,-2
131,33.755770399999165,,,,,,c8ad3bd1-eec3-4802-9897-e1bf8578d70e,-2
132,21.143481400000383,,,,,,728e1fe8-988b-4fd6-bd39-9953eb2a8c92,-2
133,34.282549200001085,,,,,,b938fb2b-e64a-4267-976c-8b15bee596ba,-2
134,24.803015600000435,,,,,,fab848ee-3d67-455a-ba2d-9c2fb7a128e9,-2
135,15.141543499999898,22.359121700001197,5.535082700000203,6.287086800000907,2.4555583000001207,4.772165300000779,49ea5e57-4c4d-476b-b8f0-3879c4af3a63,0
136,34.88845380000021,21.21106839999993,5.738989600000423,6.690848899999764,2.5090882000004058,4.841803999999684,339d3d01-4b01-499f-b466-fc74287a9929,0
137,28.81507749999946,21.281361999999717,5.571280099999058,6.488737499999843,2.5469379999995,4.8492456000003585,fe5c609e-606a-4535-9fd3-9e742752c8e5,1
138,20.62381490000007,21.817119900000762,5.266785099998742,6.18029050000041,2.195450000001074,4.405913099999452,2ffe311c-44c6-42ed-bbd5-40fbcd0f1b34,1
139,27.887106300000596,21.22888839999905,5.501549200000227,6.102762299999085,2.3088552999997773,4.502916299999924,7db8b806-31fc-4061-acd8-4fb06803ade3,1
140,14.721418400000402,22.284872300000643,5.839640299998791,6.703428400000121,3.0086028999994596,5.86162129999866,e47496b8-4a44-4187-98ce-4e7c8bf3ecd4,1
141,15.091218199999275,22.36838440000065,5.746212000000014,6.6632329000003665,2.970472000000882,5.355509700000766,9d434e59-e213-4c62-9c87-2ce0f2b6c339,1
142,21.011491399998704,21.9530864999997,5.6593446000006224,6.518947999999,2.929702299999917,5.5685601999994105,de2872f5-de36-4a86-8d3f-aea8b8c1b0ff,1
143,12.75457060000008,22.421824099999867,5.970684100000653,6.937616199998956,3.2352694000001065,6.069637499998862,add037cd-ce3f-4555-8d18-447e8029f367,0
144,24.38984689999961,22.369398400000136,5.952504700000645,7.022920100000192,3.042200399999274,5.843749599998773,13ddcbd2-20bd-4fe8-a2a2-7908556ae445,1
145,11.814676500000132,22.133339499999238,6.20414190000065,7.141286000000036,3.585983699999815,6.64063890000034,31bc84d7-c0b5-40cc-a4c4-70f989a6d22e,1
146,12.041672800000015,23.09668640000018,6.267681600000287,7.3031136999998125,7.442307000000255,6.373616299999412,ec92e23d-6076-4fde-86d7-0978cf4640ba,1
147,16.935394299999643,22.86479429999963,6.236712500000067,7.199420299999474,2.995748499999536,5.743395799999234,c02f0d2c-d1d2-4391-8e57-ca37d549c9ed,1
148,11.617224300000089,21.931974800000717,6.220842699999594,7.34011559999999,3.170785000000251,5.7568043999999645,a0393506-0db3-407d-ab22-00ff89f8233b,1
149,11.760205999999926,21.711653299999853,6.185713400000168,7.357196899999508,3.008699699999852,5.7678411000006236,d4591974-7d67-4100-9373-1c5dc3ed4392,1
150,16.265886899996985,22.373850500000117,8.909440300001734,7.082683500000712,3.112406899999769,5.844509499998821,605016c3-4859-424d-ada9-c7bdab4a95e5,1
151,13.460778099997697,,,,,,70e9a951-02a7-45e4-a266-3aca08ef9dc8,-2
152,18.431580000000395,22.73193910000191,8.937083900000289,7.226001499999256,2.9484684000017296,5.798396000001958,e26794ad-e883-4408-b275-ef9875dd588b,1
153,17.666109800000413,,,,,,0e4ddb77-3bc6-4078-b62d-53ffb6fa9fbc,-2
154,34.829189699998096,,,,,,b0877b87-b764-4ec6-938a-c10ed04722b2,-2
155,12.541827999997622,,,,,,c072fafd-748e-42f0-8e94-67c26baa44f3,-2
156,15.843212399999175,,,,,,4edb010a-3751-4710-9043-5d1a4520ffb0,-2
157,17.238728099997388,21.83531589999984,8.918637800001306,6.939872800001467,2.9546313999999256,5.7625066000000515,f85241e1-a19a-43e8-9bd5-a04ae583b7c5,0
158,40.65103779999845,,,,,,2c159990-4061-4919-b558-e787082e5995,-1
159,15.721728299999086,21.376580600001034,8.837654999999359,7.011760599998524,2.9410701999986486,5.8607799999990675,1601adae-10d8-40dc-a546-c653be74a1f3,0
160,21.595768600000156,22.235757399997965,8.280555000001186,6.462742499999877,2.334655599999678,4.653973299999052,f4290270-d133-4276-ac19-e8de1c27c061,0
161,40.78763710000203,,,,,,a63ce862-f2b0-4f7b-89d0-4651b391eb27,-1
162,18.674456999997346,21.608664699997462,8.286068299999897,6.617792000000918,2.3805787000019336,4.687477700001182,32581f1a-890c-47e1-abd0-fbe3bed44fb7,0
163,19.310358099999576,21.917704300001787,8.221114399999351,6.518894100001489,2.4330524999968475,4.761638399999356,725a09f5-df37-40b8-badc-0c577c7cd530,1
164,40.58319459999984,,,,,,5115014e-2506-4c5f-be2b-19f888f8f87b,-1
165,17.816777400003048,,,,,,0f692cc7-85e8-4a9d-aeaa-d113714bf2a3,-2
166,16.188136199998553,,,,,,f45855a5-60db-4fb7-9b85-a0579290fd75,-2
167,11.04385320000074,,,,,,8a11cc01-d18a-40b8-9853-d67f7d48a6e5,-2
168,12.96566090000124,,,,,,7c8532c9-fc54-428e-96c2-daedc15d7bc7,-2
169,18.157585900000413,,,,,,3e90764e-e732-441c-8df9-ea7c982a0e0e,-2
170,15.130898399998841,22.481127399998513,8.350462400001561,6.489532999999938,2.4937677000016265,6.23686219999945,5f2b1316-6c22-4f07-b433-1befa2a6cebb,1
171,19.86497969999982,22.4002459000003,8.038405100000091,6.323999899999762,2.2550257000002603,4.413289500000246,30a17ec3-7abe-497a-a5fd-dde22858064a,1
172,15.796404799999436,21.6258514000001,8.241292599999724,6.786621999999625,2.4070928000001004,9.094495200002711,e27a1cc0-9356-4461-9c60-702423d38935,1
173,14.604197999997268,21.348712899998645,7.833775700000842,6.1335902999999234,2.2458583999978146,4.918815299999551,907ea310-10a2-4380-a22c-714a9ad029b8,1
174,22.918923400000494,,,,,,6198ca65-6bb7-4361-9b40-8cd34ea0dca1,-2
175,58.504850799999986,,,,,,202a15e1-851c-4d33-a248-b079d7ffa9bd,-1
176,30.365586699997948,21.94807260000016,6.150264900003094,7.145608099999663,2.9196486999971967,5.702788099999452,db4ce9a8-60ab-401d-bcb3-0fc485461cce,0
177,30.741774600002827,22.55894780000017,6.200496299999941,7.32374400000117,2.973793499997555,5.718049499999324,6c874e07-bcd0-425b-8ea2-758feba4b120,0
178,24.55008159999852,21.778453700000682,6.2131956000012,7.436030099997879,2.906071500001417,5.7719394999985525,744f5d5b-db39-4e74-946a-510f49ca5524,0
179,23.321020799998223,21.55248120000033,6.150670500002889,7.211793200000102,2.944801000001462,5.742160699999658,3de669d7-67be-4a6b-bf19-7bd4c1d06a52,0
180,20.8904978999999,22.136152899998706,6.1506234999978915,7.145240900001227,3.135083500001201,5.885911699999269,7481fa53-d957-430c-a059-12b8be9bcc19,1
181,21.670175799998106,22.65131840000322,6.1836570000014035,7.089424400001008,2.9374886999976297,5.885285899999872,80efdb34-a6b9-472f-add1-43410b4cc2f6,1
182,25.683760600000824,22.627236000000266,6.458733000003122,7.0083218999970995,3.381272300001001,6.018610200000694,e6dcbd5a-9f24-431e-bd90-a3cca1837bb6,1
183,29.295455100000254,22.217021799999202,6.135823399999936,7.058988199998566,3.020571800003381,5.732761600000231,740931db-bc04-429e-bccb-a296a327e5b5,1
184,25.800236300001416,21.749518500000704,6.149582500001998,7.182016899998416,3.071567800001503,8.584489900000335,89003f02-f427-41fb-b8fe-48baed751f15,1
185,28.0174889000009,21.48106469999948,6.154433799998515,7.438915200000338,3.094105899999704,5.87895749999916,57e4be77-45fc-4f4a-a5ec-ad1564eb0020,1
186,18.416997100001026,21.993342399999165,6.367690400000356,7.343117399999755,3.0741087999995216,5.873807199999646,95555835-4860-4922-951c-87e055584d7e,1
187,22.99832830000014,21.933339899998828,6.183339600000181,7.221270000000004,2.977619600000253,5.822097599999324,37a9d328-46a2-4e8e-8fcc-6f511d23e9ee,1
188,30.70912810000118,21.85149469999851,6.169993499999691,7.136473200000182,3.046530800000255,5.761388299999453,09385fe9-c76b-4e6b-998f-d3f62f240fd1,1
189,19.356248699999924,22.124647300001016,6.240407600000253,7.105856100000892,3.105052099999739,5.889717499998369,7007eed5-f48a-4698-9b60-ef0c469e5541,1
190,23.95747289999963,22.12068939999972,5.079966799999966,5.773342999999841,2.1614424999997937,4.117086800000834,a7056d76-45d7-49c2-85cc-b3002dc25aed,1
191,13.935373899999831,21.529376699999375,5.155024199999389,5.729481200000009,2.1644046999999773,4.169345999999678,2c6d1d69-78e5-4718-9f20-ea3742fda945,1
192,10.526258700000653,20.92019640000035,5.15774969999984,5.81254269999954,2.176425499999823,4.253630300000623,6a5c2669-6781-4d95-af91-5a80bd5bc30c,1
193,20.9436525000001,21.924867100000483,5.184790799999973,5.903504599999906,2.1670725000003586,4.217088000000331,c539b1a5-c815-431d-b425-01a91187dfee,1
194,17.56514309999966,21.446311499999865,5.217960599999969,5.912011200000052,2.2218357999990985,4.24397289999979,bbc39ef7-bd29-4b8a-93f3-0b2c2e165208,1
195,14.382170900000347,23.727250600000843,8.725103800003126,7.993402399999468,14.372277399997984,8.81993220000004,d62b7c71-8cae-4e64-9107-f0b413c741b7,0
196,20.890390200002003,22.21744000000035,8.980511300000217,7.347009400000388,2.9151536999997916,5.918534700002056,c1816302-c6af-4bd2-9b3d-6ab0ddcf7bca,1
197,14.455676099998527,23.174719300001016,8.88844170000084,7.38010850000137,2.900898399999278,5.752219199999672,8f7f57db-9944-4d38-b5ee-fad277ee6707,0
198,16.574114200000622,21.460063499998796,8.894883200002369,7.173711999999796,2.990546400000312,5.723925300000701,c5306dbd-b4a2-4824-8dca-ad74e7353316,0
199,14.792273699997168,21.185459200001787,8.855272799999511,7.323227900000347,5.31608640000195,5.707640000000538,3a64006f-3668-4806-aebe-87c2325e7107,1
200,17.021805699998367,,,,,,afd7c498-0421-460c-80e0-839da871e040,-2
201,17.18470559999696,,,,,,fcbd5842-be07-4119-ab26-1d2bef6b8e47,-2
202,13.039178799997899,,,,,,7d924ec2-88ed-44cc-8569-6eb5fd875ab8,-2
203,14.473023599999578,22.694756099997903,8.924676099999488,7.354776700001821,3.0079272000002675,5.819237499999872,a2b3e5e1-6e51-441a-8250-3b588e9a8e62,1
204,18.746254199999385,,,,,,f3e619f8-11d5-4892-a47d-caace2e71230,-2
205,15.93180030000076,,,,,,b27320c0-9bd0-41b5-960e-6124ad3f48c5,-2
206,14.954049599997234,,,,,,651a1779-2b88-4720-82c1-0b9d3c76a408,-2
207,11.86081489999924,,,,,,69d83e67-1f78-4534-b1fa-c2e060d409ee,-2
208,18.25743169999987,,,,,,eb7207d0-fb0f-4c0b-9b40-a6866654d9c4,-2
209,15.903130900001997,,,,,,e40e1455-746c-488a-8fdb-8c87ecb99b86,-2
210,18.372647700001835,,,,,,5de18481-7e3d-4162-8ae2-59cc7673c52e,-2
211,19.98839279999811,,,,,,ec002eeb-cbbe-4b99-b787-721a9a1e721b,-2
212,42.63276720000067,,,,,,b0b21d24-089b-4502-8a7f-9ffd39a30cd0,-1
213,19.411637900000642,,,,,,b9d60965-f851-4853-9e96-080da12a3622,-2
214,15.116099799997755,,,,,,108b277d-fa1c-4484-8c63-dd9fa211453a,-2
215,15.601355099999637,,,,,,2cbe6846-c4a6-427c-9b26-1c5f78b01c99,-2
216,18.76097839999784,,,,,,8084f517-e4b8-4fb4-a522-e785f6f5d481,-2
217,14.721497899998212,,,,,,8c450f7c-8e3d-4262-93c7-69c80ffd9f1a,-2
218,17.10500399999728,,,,,,bef5fc85-4719-4bec-8cf5-fa69d2e4184e,-2
219,16.769788800000242,,,,,,99171432-af1e-4aef-8cbd-72fe1a995b51,-2
220,21.711300299997674,21.85151820000101,6.14844770000127,7.4902622000008705,3.08142510000107,5.844331399999646,656da3cf-3d39-4809-be8f-fb0f6318a74a,1
221,19.413859399999637,22.05016909999904,6.146769299997686,7.062097499998345,3.1126170999996248,7.468511800001579,e33e074e-91b1-44ee-a4f8-c07a949b6183,1
222,23.63701200000287,22.11719880000237,6.174585400000069,7.560556699998415,2.9717564999991737,5.706302699996741,e1cafb03-80f6-4762-b36b-d254fd903118,1
223,25.01462680000259,22.428018300000986,6.241969899998367,6.962516100000357,4.893680999997741,6.573920500002714,f9aa53e8-fbd7-44a1-b44e-44dbd76f3828,1
224,39.15468619999956,22.09308239999882,6.121109600000636,7.006131400001323,2.96954420000111,5.947673000002396,3848bbe0-ca3f-482a-91bb-4f187f0cf01a,1
225,44.38565940000262,,,,,,fcce5f91-8020-45ac-8963-c1699ca5235c,-2
226,19.903358200001094,,,,,,f9582682-21ae-459b-915a-02f35968f92c,-2
227,30.0728984999987,,,,,,8216c59e-0c3c-48d0-bc00-a308ae012a90,-2
228,21.080530400002317,,,,,,d0f0b352-d91b-4267-9b52-f726ed488f27,-2
229,20.02017469999919,,,,,,41bbea5b-be44-44ec-b024-cf7b1ab5a1e7,-2
230,22.40476590000253,,,,,,a31791e0-29da-4c50-ae2e-03df4c18b8be,-2
231,21.22418259999904,,,,,,d7abd1c7-0292-4362-a860-7e9aa53efd41,-2
232,16.872329199999513,22.394073899999057,5.207780400000047,6.149009799999476,2.331050500000856,4.410667800002557,c5902f97-fddf-4ab9-a21a-196a8c1a8549,1
233,26.787676299998566,,,,,,45605fd0-5b92-4a7e-9952-d1568b0ccf56,-2
234,35.9483930000024,21.085754700001416,5.211095200000273,5.87205990000075,2.362284200000431,4.523427200001606,2dc2e989-4f7b-406d-a5b4-3a4c8f7599e1,1
235,23.150931300000593,,,,,,aafd19cf-bd30-4c73-947e-c3861e37ea14,-2
236,25.013749599998846,,,,,,3db2e104-abdf-46a8-b728-1ecef4d3c82b,-2
237,37.43594480000138,,,,,,d927ff9e-7787-4742-a475-68a40433aade,-2
238,26.678046099999847,,,,,,a1449427-8c65-4734-aabd-43b43cd42a17,-2
239,59.757078900000124,,,,,,7fb33f89-f671-410c-8d0b-19d50dab10bc,-1
240,16.463542499999676,22.653229499999725,6.224340700000539,7.301343300001463,5.895158100000117,6.615436099998988,1869a915-205d-4aec-836c-07a825139e08,1
241,39.03427190000002,,,,,,a073a5e2-0014-4b81-84db-d421112c0e97,-1
242,17.478595900000073,,,,,,b88144ae-fbec-41ef-8147-eafa79bde2aa,-2
243,28.465009100000316,22.652491799999552,6.2734990999997535,7.33151480000015,3.4458684000001085,6.621021500001007,2a50697f-06c9-4567-a823-9a8415cad67d,1
244,14.019021799998882,,,,,,5b66375e-76b4-432d-a2ce-242e7ca23fec,-2
245,36.04793849999987,,,,,,389f84ea-8da5-4a98-a685-f8ace54443fd,-2
246,14.99722760000077,,,,,,088d7e34-b880-4e5c-8b9d-64d64c65cfd4,-2
247,15.838563700002851,,,,,,7f409ba7-f04a-4689-aa31-826251b546f3,-2
248,28.177188900001056,,,,,,cd831cce-ea57-4828-9150-6795dfc95b62,-2
249,20.257519200000388,,,,,,cd8b109e-ed2d-4a6b-a2f1-072ce957e6c3,-2
250,13.313172499998473,,,,,,fbca4822-c887-466a-a16e-4c339d2757ee,-2
251,18.07698750000054,,,,,,7d23f504-9440-400b-96ad-1466f3afc02a,-2
252,19.306881200001953,,,,,,2a240470-445d-4ba6-80bc-8432f946efd1,-2
253,15.335197000000335,,,,,,3b91814c-0981-4744-919b-02d4641c9770,-2
254,15.89436410000053,,,,,,046e659a-78d0-400f-8e51-d9c97e0ac5a1,-2
255,21.757730400000582,,,,,,81ade2d7-949e-41f1-a1ff-d60c0462f703,-2
256,17.95827079999799,,,,,,634e21a7-c49b-4999-92fb-23492c2b467a,-2
257,14.667183900000964,22.46791839999787,8.861383600000408,7.291303100002551,3.247255000002042,5.808837900000071,ac5c6c8e-c2cb-434a-9a5b-7c7096d8841c,0
258,18.372449099999358,,,,,,b8d249a0-6eac-4b80-b5c6-3a75ecf13673,-2
259,13.966346900000644,,,,,,1550217c-bd63-4953-81a7-9db1811cd73c,-2
260,19.369167200002266,21.79847349999909,7.988544300002104,6.252211399998487,2.334311099999468,4.699731799999427,b8a2e5fa-afd6-4aaa-b189-df1ba4728c47,1
261,18.122816000002786,,,,,,f5300b8b-36b8-40bf-9cb2-d4f249115bf0,-2
262,24.317327199998545,,,,,,17ed6aa7-cdf4-4b00-877e-eeb942a38af1,-2
263,23.6536062999985,,,,,,82025d30-16f9-4b1a-a02f-58bf6d3d4924,-2
264,23.128937200002838,,,,,,6a4e55e7-16dd-495b-b18f-d68e0cb0594a,-2
265,14.956531800002267,,,,,,275b3c24-3a45-485e-a74d-8164b753f4c0,-2
266,12.637242500000866,,,,,,9bdafc27-c13e-45d3-bee1-d89dff2505df,-2
267,20.432394999999815,,,,,,ef3613d1-927f-4cdb-a439-e3f05c2bd554,-2
268,32.952296400002524,,,,,,8828f688-145d-46d8-8a8e-ab75d67d7480,-2
269,18.99955409999893,,,,,,49406807-1c38-40ca-9aca-fed7dbb81401,-2
270,31.78111649999846,22.535258200001408,6.132863099999668,7.372807499999908,3.3645066999997653,6.644978700001957,5103a145-efe1-44a6-9caf-db6d57fc6a83,0
271,22.08278799999971,22.183132499998464,6.085731500003021,7.232781400001841,3.2315770000022894,9.129029499999888,6b0d584a-3679-4e1c-b00e-81a38cb448ba,1
272,21.43692160000137,23.053389500000776,6.267898099999002,7.568469599998934,3.5096121999995376,6.493880199999694,72ff8aab-e28c-49f6-bd98-3e7ed25512c5,1
273,22.436410800000886,22.999971400000504,6.24834909999845,7.491486700000678,6.781800299999304,6.7540073999989545,6f759767-2106-4fd3-aae1-05cf245b53c7,1
274,41.74492480000117,22.72309039999891,6.229884300002595,7.404774200000247,3.784157199999754,7.041947899997467,f9a9ae3a-25d8-47d4-91e2-b87507fba12d,0
275,28.989583200000197,22.450885199999902,6.2202956000000995,7.4346347999999125,3.653912699999637,6.640268400002242,ca455545-5d04-492c-a77f-793a257e5d5d,1
276,59.070242900001176,,,,,,261b0708-a201-4b59-9643-872a22458144,-1
277,28.6692258999974,23.200661899998522,6.2904286999983015,7.448677899999893,3.471819200000027,6.845056299996941,708cf505-bbfe-433c-b3b2-504798e0b847,1
278,47.522473799999716,22.595784600001934,6.270251899997675,7.342069700000138,3.3708795000020473,6.618091700001969,b03d7174-d150-4656-8b51-855e30817b5d,1
279,27.670106500001566,22.690596400003415,6.238893800000369,7.243146799999522,2.913493899999594,5.772803899999417,b1597b27-e209-4ea9-ab30-7fc84ee586cb,1
280,30.960807400002523,,,,,,92d6b857-24ca-4641-aca4-0aded0b5d0dd,-2
281,20.983597599999484,,,,,,0a198642-1734-4a71-a5fc-9bd3f23b1eb9,-2
282,19.43728700000065,,,,,,fcf1a2f7-fc4c-47b6-91a3-5e076f92cfb9,-2
283,26.6995061000016,,,,,,10132e95-222d-4a75-9a61-172662656ca6,-2
284,20.21788799999922,,,,,,b8335c37-ad5a-482f-9437-19ddf4074612,-2
285,28.468818099998316,22.224524799999926,5.324656599997979,6.081622300000163,8.44606879999992,4.983957399999781,b9817a24-a260-4bf1-abee-a3eea54f6a9a,1
286,29.01851109999916,22.072800599999027,5.32446649999838,6.125317400001222,2.583369500000117,4.8843570000026375,7f5781dc-e084-4b60-863e-6f2a11565b64,1
287,51.279539700000896,21.96894600000087,5.364290100002108,6.238712200000009,2.783947600000829,5.097918599996774,d645b781-b9c1-43c0-96ce-0324b8301a88,1
288,40.33706909999819,22.189164499999606,5.333304599997064,6.233486900000571,2.626585599999089,5.038581000000704,ad621254-a31c-4f37-8c35-7be2d2e09650,1
289,31.251642999999603,22.102360100001533,5.302557999999408,6.111824399999023,2.600530699997762,4.907485700001416,32f78871-d09f-4953-82bf-6da1ffd04893,1
290,13.18554099999892,,,,,,c86b2159-7aa9-4f2b-ad83-c0b45ec52cd4,-2
291,42.16681989999779,,,,,,b4f6d2e4-7268-44bf-a4b7-94693b3122bc,-1
292,13.387328699998761,,,,,,fb7453b1-74ce-4959-8412-162665d63804,-2
293,24.417963600000803,,,,,,537bc556-463c-4a67-9bae-22ff562d2e38,-2
294,21.497229299999162,,,,,,bbbccfde-60f0-45d6-b40a-13cde5544d12,-2
295,36.810878299998876,,,,,,78638426-b962-49a3-8155-596cc11ace91,-2
296,17.215952799997467,,,,,,950375d3-7118-4586-8ee4-42de76921f78,-2
297,17.203213900000264,,,,,,2b29fa35-581f-4958-8348-f1703d9be401,-2
298,16.658705100002408,,,,,,753193de-d98a-4bfa-9d48-4c58b75b0f9d,-2
299,16.928332599996793,,,,,,01616c4a-cced-49c4-8c1e-a2e7971d68c2,-2
300,14.48409840000022,21.866399400001683,8.855064499999571,7.400998100001743,6.4061228999999,5.782624299998133,026a5f1b-7935-423a-9d1b-d2fca31d82a7,1
301,19.22149459999855,21.49522109999816,8.914620399998967,7.2537661000023945,2.992931900000258,5.768258100000821,a32a34b0-dd0d-4f76-b54b-5c0e85d83d9e,1
302,17.151966299999913,23.09563150000031,8.861229800000729,7.190728699999454,2.9602045999999973,5.7340851000008115,dea4d273-d251-4d12-885d-48fb7d965428,1
303,23.574846499999694,,,,,,d742547d-21cb-4ac4-8682-35eb3a94cfdf,-2
304,35.18189789999815,,,,,,cf607a8b-74e5-411b-b407-172e9b3bffed,-2
305,21.36891050000122,22.103726400000596,7.864842900002259,6.3020495000018855,2.258167300002242,4.817396099999314,85045c4a-6ed8-4fbf-b9b7-53cda0ab569c,1
306,21.568699800001923,,,,,,28ef1078-a365-4554-a576-d0c29446c44c,-2
307,26.032038699999248,21.55457749999914,7.570097400002851,5.82197769999766,2.108476999997947,4.111349400001927,1108eafa-c49c-4de8-9685-cc775ba11384,1
308,20.219195199999376,,,,,,4b575b2d-f12b-440b-ad2b-5d450adb10a3,-2
309,25.95409610000206,21.03430749999825,8.000376199997845,6.7785967999989225,3.39605720000327,4.514156499997625,458930a6-cd8f-40b1-9153-8853935b3f6d,1
310,14.773791299998265,22.043759799998952,8.341692899997724,6.618861100003414,2.554585499998211,5.144508699999278,4b18d3e2-141b-48c8-9e46-27b0b2f87254,1
311,17.891006199999538,21.327115500000218,8.422357600000396,7.060073100001318,2.5595288000004075,4.964412200002698,3834c8b1-caeb-4b32-bda7-40c2aa5132c8,1
312,27.677151500000036,23.379438500000106,8.526004899998952,6.9885586999989755,2.6976512000001094,5.3008846000011545,bc5e34bb-d782-48ff-9bea-8820dacbcc37,1
313,15.204836600001727,22.79698450000069,8.472316100000171,6.795367599999736,2.643117700001312,5.301492800001142,28e8a1c1-0d56-4011-b1ce-8ea1f604da55,1
314,25.391808599997603,,,,,,f657c6d5-53c4-4489-a298-0829b5696eaa,-2
315,29.775007799999003,,,,,,f9961c48-3ac7-4853-b59c-3d81d397fc3f,-2
316,33.78166659999988,,,,,,47f1b7e7-790b-4730-8172-ecf3ae1b52a5,-2
317,25.668607700001303,,,,,,1feb55f2-f914-471a-b07b-a9dd5b1fa140,-2
318,23.50746970000182,,,,,,f121adb9-5dc8-4314-8a67-1dee5c71cd0e,-2
319,33.61635590000151,,,,,,08dec65a-78d1-4abd-94de-3c4d54637f55,-2
320,21.911737499998708,22.46856409999964,6.150543100000505,7.17870369999946,2.945576300000539,5.7530263000007835,d872201d-2d84-4ff4-9029-3d0cda79cabb,1
321,34.67469350000101,22.05268739999883,6.239852800001245,7.157287099998939,2.9567093000005116,8.597598700001981,861f1ea0-d1f6-4067-857f-be76cd42a387,1
322,32.213629000001674,22.78862400000071,6.141586500001722,7.368347600000561,2.9026661999996577,5.703040600001259,d1372c17-9177-4c44-87bf-975dc0435c59,1
323,28.134872800001176,22.023415999999997,6.1785215999989305,7.088926299999002,2.9902803000004496,5.67849749999732,72459267-1fab-4216-a004-b2146deeab63,1
324,23.830830000002607,21.31100630000219,6.32330169999841,7.183354699998745,2.9611196000005293,5.762593100000231,f20a217c-951a-48fd-bc66-2b2ddde103cb,1
325,25.41621319999831,22.483555299997533,6.118548899998132,7.177344399999129,3.459408999999141,7.124200099999143,065c6fd9-8f9d-4e80-81f4-afecbe30c277,0
326,31.0705764000013,22.690320300000167,6.096311799999967,7.268268399999215,3.35348840000006,6.237546600001224,4e6b3838-2b6e-41c8-8f19-2c3824a79d81,1
327,31.31603890000042,22.665928800000984,5.750992100001895,6.8988940000017465,2.9374548999985564,5.504640800001653,07cffc1f-bf20-4947-b059-83c15c4c7708,0
328,24.743905899998936,22.427456199999142,5.4554754000018875,6.262614499999472,2.9539936000001035,5.276256600001943,f9ad1abd-1576-44c1-a416-2191287debfa,1
329,26.35734659999798,22.50478710000243,5.996861499999795,6.904263599997648,3.38778000000093,5.977555500001472,34410c36-32f5-4d6f-93e7-a916e0c6358a,0
330,15.827701300000626,23.014162499999657,6.0024422999995295,7.014978600000177,3.330679400001827,6.232957899999747,04f390ec-e36d-4c70-a843-cb6dc2c69ca4,0
331,12.753374600000825,22.41116179999881,5.789896099999169,6.9367373999994015,2.857049800000823,5.4048796000024595,e7659a67-76f0-4a3e-999c-ea1629a12fd5,0
332,12.752168900002289,22.271494199998415,5.6183318000003055,6.361655800003064,3.95790869999837,5.554455599998619,f596e9c0-01a6-4de0-b8df-0ee05b66f2cc,1
333,17.234468700000434,22.005290900000546,5.575075900000229,6.5005536999997275,2.912499399997614,5.455476799997996,d48587df-9d37-4af3-8721-fbe0b3f935c7,1
334,14.68609170000127,22.13959160000013,5.902360399999452,7.110924000000523,3.249037400000816,6.008381300001929,719b4740-b2d8-45d0-bceb-012578329aef,0
335,13.642210400001204,,,,,,ea2c6f01-8f3a-4efa-ac96-05a64bb4ca5a,-2
336,20.61791749999975,,,,,,f2bb0ff7-a7eb-4e7f-b2ff-580d158f95db,-2
337,14.975733300001593,,,,,,0117cfd4-6bf6-45d8-93e2-a3858fd2e605,-2
338,12.569698300001619,,,,,,8804eb3d-1d93-4cf9-a6a6-261fe671c18b,-2
339,17.77909980000186,,,,,,edea313f-9b4e-4b0c-9ec4-6e352d419e55,-2
340,26.351580799997464,,,,,,c91aa8e6-23f8-4a3a-bb63-e23d0dc833f0,-2
341,22.706431400001748,,,,,,720045a9-7e5b-429b-a574-20949ada8de4,-2
342,29.56396759999916,,,,,,d78be8db-e706-4671-8b71-e4aff9c5d28f,-2
343,37.6497649999983,,,,,,2d441425-bc4b-4d5a-a01e-f2205de0cb85,-2
344,34.17471140000271,,,,,,357fede4-d320-4208-b488-349e4e898c17,-2
345,25.682318499999383,21.488128099997994,5.385775200000353,6.161583900000551,2.33136469999954,4.331475499999215,f25777bf-37a3-4e42-8124-0c0495b511de,1
346,20.150457200001256,21.72945130000153,5.603047100001277,6.707317799999146,2.382336700000451,4.678495000000112,403c54ea-8c16-4a86-ba0f-0fb10c3873e2,0
347,27.26767160000236,22.163026099999115,5.702997399999731,6.737151000001177,2.3673194000002695,4.642391500001395,4fae5e2b-aeef-45ee-834f-b05afda7ed72,0
348,26.769331299998157,21.63368199999968,5.58878360000017,6.575790200000483,3.0781248999992386,4.739923400000407,7b6f4dd7-3086-4177-af4b-2d15d40335a8,1
349,28.252637500001583,21.496951700002683,5.550928799999383,6.240167400002974,2.385221900000033,4.597772000000987,2487a521-a0e7-4a3e-942c-e62d0db9f613,1
350,32.50164779999977,22.037605599998642,5.867693100000906,6.96862770000007,2.6898882999994385,5.255314800000633,b726c738-dc07-425b-8611-df0e8443b416,1
351,25.310326200000418,21.8137336999971,5.672467300002609,6.7569168000009086,2.360581800003274,4.6998335999996925,00cd76fc-7600-410b-b518-365ff93473b0,1
352,31.198683200000232,22.30547629999637,5.826872099998582,6.833759799999825,2.846712099999422,5.354537599996547,6a7c8bfe-14f9-4ada-a867-3383033cf46e,1
353,24.076462999997602,21.37154300000111,5.847594700004265,6.945050499998615,2.493664900001022,4.858375299998443,70786067-9167-4a5a-887e-b39116f6d5e5,1
354,25.046135899996443,23.39855879999959,5.958061600002111,7.274998900000355,3.2145002000033855,5.5939532999982475,fbbb76de-fe6a-4ecc-91cf-b5f91ad87c34,1
355,20.39233119999699,,,,,,887e6dfa-b0d9-4b50-9d49-c53593425683,-2
356,19.856256699997175,,,,,,5f017f10-a4fa-4a55-a010-f539e51a6f9e,-2
357,31.664117699998314,,,,,,5f93ef5f-64d8-4161-be3d-fd459bcdda1f,-2
358,23.045250600000145,,,,,,91a8f6f6-fe66-4eea-a548-9023a50b6c5f,-2
359,16.818003899999894,,,,,,dd1fd63e-f9bf-4029-a36e-7d12a4da51e7,-2
360,29.884193599995342,,,,,,bf286b10-efd4-4675-9454-635a2205d115,-2
361,32.5840637999936,,,,,,7b87f180-a7a4-4167-aa32-abbde3dcf480,-2
362,31.45193069999368,,,,,,3cf17608-b9e9-48db-94b4-69544d3a820c,-2
363,47.43901639999967,,,,,,639913d2-9ac2-4ab7-88b5-ea5106c9723c,-2
364,25.222997800003213,,,,,,eabdf5ad-e5fa-4afd-8e96-e8970b5f8a95,-2
365,20.66444799999954,22.012673000001087,6.31859600000098,7.652436500000476,11.188797599999816,28.482412700002897,65afa1cc-7af7-4326-93c6-b954ce578846,0
366,24.130025899998145,22.309085199998663,6.228874500000529,7.596928499999194,3.5164237999997567,6.684110900001542,fb1620cd-d160-4cac-b65b-7dae8fd00682,0
367,29.583506599999964,22.44296320000285,6.248279100000218,7.423539300001721,3.700150399999984,6.7644037999998545,28408a50-21a4-4972-9158-52df0eeb5e9a,0
368,20.589843599998858,22.828106200002367,6.269594699999288,7.480422500000714,3.621024000000034,6.674035500000173,b219eb86-fdb1-4721-ab92-270fa33b22d6,0
369,36.466595300000336,22.267618000001676,6.218789300000935,7.455380999999761,9.634596500000043,6.789119000000937,39f330e5-dbfd-4b89-bbfc-d044d083fd97,0
370,29.48218479999923,22.639799000000494,6.238270400001056,7.366652600001544,3.7577097000030335,6.68504060000123,312e82a7-5fba-48ab-9df3-5cf60f26cc30,1
371,22.67125170000145,22.428298200000427,6.393873100001656,7.406666200000473,3.544778100000258,6.729606600001716,d77bdca4-7e2f-4828-b05a-da4669676dbb,1
372,24.160686399998667,22.200840100002097,6.170595999999932,7.496639500001038,3.5776957999987644,6.768452899999829,13343217-d7e6-48d1-bef7-30ec56be2063,1
373,27.796098199996777,22.70653939999829,6.228745700002037,7.548221000000922,3.675629500001378,6.705176399998891,dd537efa-4669-423a-ab9c-a4b3959e5705,1
374,26.805881299998873,22.726455399999395,6.410799900000711,7.3885775999988255,7.140075800001796,6.716012699998828,681573a2-189b-4915-be33-475101028757,1
375,44.60387559999799,22.149692400002095,5.897911200001545,7.042546500000753,3.2421188000007533,6.375151899999764,2e21f21b-baa5-4e7d-96cf-09af7504cb01,1
376,34.20968580000044,22.45173900000009,6.288660300000629,7.307433999998466,3.5814774999998917,6.620651499997621,26f16c67-4c63-4ec0-bd92-f134a186acee,0
377,46.8493739000005,22.32013780000125,5.955093399999896,7.11110760000156,3.16968579999957,5.862174000001687,844d1876-a680-4b2d-80cb-ff80e092c9d9,1
378,23.453161600002204,22.555485600001703,6.2152424000014435,7.515902700000879,6.58472780000011,6.545654399997147,641ed15a-cd85-43c1-b5f9-91eb1a1b2e0c,1
379,26.592937399997027,22.587576400001126,6.244742599999881,7.402302199996484,3.537962200000038,6.626364300002024,dcaada8b-3a6f-4ffc-a89b-d7e1189a718e,1
380,37.39546789999986,,,,,,dbb33294-06c2-4370-b5a9-ce460ca083de,-1
381,29.83726999999999,22.220177800000783,6.079976799999713,7.106427800000347,2.931277300000147,5.614483199999995,86fe9a15-c8fb-4e6d-a833-f428de45d658,0
382,20.23478669999986,22.711858700000448,6.05861670000013,7.118968499999937,3.181100499999957,8.178344599999946,e9889304-80e5-4779-ae94-0ff30917cb67,0
383,24.85424729999977,22.455919500000164,5.6116268999994645,6.720538999999917,2.365937799999301,4.62630420000005,12f7db77-f28c-4a7c-a3ff-21fbb600ec35,0
384,25.17984499999966,23.11589989999993,6.083293200001208,7.042508399999861,5.839423299999908,5.5336598999983835,2c393747-388c-4f71-a725-3cf0c49e9b01,1
385,26.29304659999616,22.255642099997203,6.2229434000037145,7.560562599996047,3.011745999996492,5.973138100001961,466aff33-313c-4fdb-b740-f28ebd2ba01a,0
386,24.35100539999985,22.269985500002804,6.165686899999855,7.390638499993656,2.9558630999963498,5.671254000000772,6e403b2a-9f30-4e37-81c6-82159b125481,0
387,27.163405400002375,21.61057620000065,6.066898700002639,7.179144699999597,2.860529799996584,5.551714900000661,b4f5d8ec-ed12-48a2-a72d-c7b502f4988c,0
388,31.753155700003845,21.92133230000036,6.152879100001883,7.349596899999597,2.8906438999983948,5.6985573999991175,4f75aa5b-3e02-473a-95cb-b731ced85125,1
389,32.78826560000016,22.224453700000595,6.218564000002516,7.336302299998351,2.92798380000022,8.334920000001148,097c1f0b-4e0c-4559-bb6b-f87a062c0160,1
390,20.91056500000559,,,,,,29dc8ae5-3645-4fb1-805d-2b8c1f100800,-2
391,30.685730299999705,,,,,,cc052373-10d0-4967-a548-059ef619551e,-2
392,26.267001200001687,,,,,,21e662dd-fc0b-4403-ae0b-dc323fb1655f,-2
393,43.85159240000212,,,,,,30824fc6-466f-4d62-8ba6-56ef52484b76,-2
394,42.903442300004826,,,,,,500fdf0c-9f6a-48ee-a1af-fd6b00abd8d9,-2
395,32.27898190000269,,,,,,7f96a342-4bd9-4af7-8e01-3245b5fb5a37,-2
396,28.929432899996755,,,,,,310c1a3c-8d1c-4e4d-b339-96a1005a3ee0,-2
397,31.798262299998896,,,,,,e957005f-cb54-4070-bb8c-733e2dd9934b,-2
398,41.86850559999584,,,,,,7c7c821f-ae03-4f1b-8979-4c6a753da74d,-2
399,28.398946799999976,,,,,,20150bb9-4741-4726-b121-628c7d7c851f,-2
400,31.27680529999634,,,,,,75997a27-d535-4583-9b26-483931ed1269,-2
401,33.33967499999562,21.504903300003207,5.493142600003921,6.517636900003708,2.342128699994646,4.654263699994772,e0f074fb-7041-4c4d-9017-1ceef0227bf4,1
402,20.292445099999895,,,,,,3583ac1a-6eab-4e06-a12f-84a26e73b010,-2
403,49.34084829999483,,,,,,1a87e25e-7d53-4a16-82c4-8785f5456830,-2
404,32.56926760000351,22.146133299997018,6.048731499999121,7.254513200001384,2.971190000003844,6.177868400001898,1806988b-a743-4b1b-826c-bc1c20006d4f,0
405,38.07309570000507,,,,,,3eac6516-c471-4edd-9968-fcca6fdae0c9,-2
406,22.083825999994588,,,,,,7709df5e-9a1d-4063-8469-be15e98dde7d,-2
407,38.63060250000126,,,,,,8f8c94b1-3b86-447c-9ed1-750669dcd9b7,-2
408,23.956602999998722,,,,,,22edca17-46a4-4a19-9cc7-b598b1eb12dc,-2
409,40.017245999995794,,,,,,250d2365-60f6-49ba-9357-cc6fa7a061a7,-2
410,24.464673300004506,,,,,,f9f626d7-99ad-4462-a0d5-573cba13b835,-2
411,60.7061726000029,,,,,,b97752d0-3911-4587-97e8-79bb29aec24d,-1
412,43.621286800000235,,,,,,8aa30227-4e00-4a4b-b8f5-2b8d1dd8733c,-2
413,28.34952340000018,,,,,,1e5a2e11-378e-4154-9939-335a73055b93,-2
414,60.242956900001445,,,,,,7e3c28e0-ef43-4ee0-9d9b-f41f130d83a7,-1
415,36.7685197000028,22.37006609999662,5.709345899995242,6.642538699998113,2.3877876000042306,4.688855799999146,f66c924e-4192-4230-a0e3-8c87496f325f,1
416,50.67420609999681,21.47441439999966,5.973177599997143,6.949701599995024,2.7631410999965738,5.317305999997188,87482d1a-2aa6-4c1d-9e0f-946201438da0,1
417,32.87706710000202,22.529741500002274,6.169715999996697,7.054442999993626,2.915469999999914,5.752694199996768,99d0ab89-7d75-4fc6-881a-92dcc8d5410c,0
418,25.520191800002067,22.632175900005677,6.061299799999688,7.1470401999977184,2.8636717999979737,5.585254100005841,e1ea6dc9-05d3-436b-8a9d-7a5dc9780161,1
419,38.33014009999897,21.847713999995904,6.1731469000005745,7.256961999999476,2.9554597999958787,5.806211199997051,d6fe0f89-4af8-4a04-b74f-bca5d6865d62,0
420,29.17739370000345,22.00063289999889,5.215627699999459,6.028633400001127,2.661593900000298,8.181272500001796,833f3acd-6499-4e82-ad1f-ca7a6036489b,1
421,18.048198299999058,22.20399560000078,5.3832234000001336,6.134020099998452,2.691729599999235,5.0992012999995495,b16105df-50fc-4e51-bd99-4121d3d8f4b5,1
422,19.05890350000118,21.872296199999255,5.372790299999906,6.217522199996893,2.7797374999972817,5.360281999997824,7cd4422b-e58e-4a6a-8e30-16dad3f9fbe8,1
423,18.182456499998807,21.94925819999844,5.195676399998774,5.867397800000617,3.7082779000011215,5.821910999999091,1345e98e-bd3a-4ec3-b9ed-4b462ee3ca05,0
424,16.400771799999347,21.928946799998812,5.193181700000423,5.968518800000311,2.61949530000129,4.81189330000052,143076bf-7ca1-4830-b76b-800e11c64f48,1
425,16.872970299999906,22.81365619999997,6.064385099999527,7.386203500000192,3.4435537999997905,6.402950599999713,b05f6787-3091-4863-99cd-5ffcb68ab168,1
426,15.584375099999306,23.477921900000183,6.22572720000062,7.394742999999835,5.477626599999894,6.85855840000022,4ad5592f-c107-405d-a23a-36780795a252,1
427,19.326730899999347,22.34910310000032,6.2192464999998265,7.530663999999888,3.528416600000128,6.653470000000198,3d8d3132-0402-48e2-9080-6811394f20b3,1
428,17.358638799999426,22.772407000000385,6.201199400000405,7.298416099999486,3.567516899999646,9.436015400000542,804db58e-174b-42f0-8f69-2adb63813161,1
429,17.799684600000546,22.445703699999285,6.264259200000197,7.3483500000002095,3.727956499999891,6.658801000000494,d29d18ae-a6e4-4e7a-bf4f-d402c0ae4501,1
430,58.420405500000925,,,,,,ccab2a31-a3f0-42d4-a64d-f03b1eb5dfee,-1
431,38.311369999995804,21.031512200002908,5.193417499998759,5.862738199997693,2.241482699995686,7.048266199999489,444d6abf-08ea-45f9-b020-e0c5c095b024,1
432,58.79934820000199,,,,,,57a55768-5edc-4b0f-8394-43c6470a44f7,-1
433,23.935356100002537,22.018035100001725,5.1054346000018995,5.864212799999223,2.224311999998463,4.1807085999971605,db191899-b7f2-4f0c-aa4d-d1d4a0c337d2,1
434,40.81216660000064,21.91281380000146,5.231588400005421,6.000014800003555,2.2430361000006087,4.20549320000282,2bc4b5eb-53e5-4b98-b1ad-c91e3f591c80,1
435,20.30875289999676,,,,,,f7164aa8-0620-4c65-99c8-4cd7602cdc2e,-2
436,58.218537300002936,,,,,,dfac3604-9cb9-4d5d-bd6d-8862ba1d6da7,-1
437,31.37782519999746,,,,,,b7750108-63e0-4ffc-b21d-7b0e78fe7bbd,-2
438,21.49797689999832,,,,,,3ff3eb50-e5e6-4adb-9152-63617224fc24,-2
439,26.426793200000247,,,,,,5ce6842e-d4a0-49e0-8a7e-331f48aa4a9d,-2
440,37.95904729999893,,,,,,866389f2-5180-4557-a875-de928f1d0457,-2
441,22.65034739999828,,,,,,b98d62e5-4e89-4c25-a833-62e7333e9102,-2
442,33.59908670000004,,,,,,94bfc6bc-92ea-4efc-b0a3-5290af63e997,-2
443,25.31343869999546,,,,,,168143b7-ccfe-4bf7-9f43-92bdbdc7c7f7,-2
444,41.311946399997396,,,,,,b106f406-b321-48b4-9380-e8b15f5dfaac,-2
445,30.742382199998247,22.31238139999914,6.233745599995018,7.1707779999997,3.0234425000016927,5.690482999998494,6dfecdfa-ab2c-469e-850d-bdc33556ac99,1
446,29.307632199997897,22.006727600004524,6.129859099994064,7.448930800004746,3.0074143999954686,5.70455590000347,6bd8a664-3e95-4464-9f74-e7e57b257228,1
447,58.561398500001815,,,,,,ab74e27b-7b53-4ca3-b9f3-f6ed15ee533d,-1
448,24.946356899999955,22.137042499998643,6.184992499998771,7.296229599996877,5.791595099995902,5.777044200003729,1f7aa544-b29d-4851-973e-30d75338d8e2,1
449,57.9861344000019,,,,,,515885f0-2ebd-49ba-be46-3066f14a5c60,-1
450,25.034401000004436,,,,,,50b54346-be45-47b6-8367-c7236aece200,-2
451,20.950668200006476,,,,,,739d3f57-669b-434d-82d2-cd3f9795a47f,-2
452,24.3189463000017,,,,,,20a9c8d5-c32c-44a4-b894-7e9858eae350,-2
453,58.68723820000014,,,,,,af6be4be-9e73-4a2c-a718-6ec5b12c92b1,-1
454,33.965426700000535,,,,,,d39fbd8e-a8ce-4ecc-8fc2-ed682303daa7,-2
455,29.25680029999785,,,,,,9a5dd7d6-c049-44f2-b26e-677110219455,-2
456,34.695873999997275,,,,,,1ba78dae-745d-4b7c-a6c8-64bb6d0ca5af,-2
457,30.56982099999732,,,,,,d89ec3b4-90a7-471d-8025-daf80b26369f,-2
458,19.80140560000291,,,,,,5fffabd9-b126-41e8-8747-4f5ccaf4ae32,-2
459,57.53780779999943,,,,,,438a1119-ca0c-47da-b655-09b13f73ff61,-2
460,36.17506040000444,21.403304899999057,5.812534600001527,6.7456107000034535,2.4655178999964846,4.9869470999983605,45e75bc1-6519-40ff-97d7-492f10fd2322,1
461,26.816440100003092,21.2456846999994,5.332031799996912,6.633544999996957,2.2387722999992548,4.53396359999897,05413485-062c-4144-9167-a16e9d9cd156,1
462,45.88815820000309,22.43682890000491,5.749302700001863,7.089523300004657,2.692335899999307,7.657095099995786,4c48a4f2-0b6c-4cd4-8d58-5e4c34c2fa3c,0
463,34.159951399997226,21.819293400003517,6.090922299998056,7.233192600004259,2.970496699999785,5.720286600000691,e87e6724-d8c2-46d2-b407-b677c63e7cdb,0
464,59.93160559999524,,,,,,b2595fa1-3f8b-4ea3-b5bf-8c1f9e08c58d,-1
465,33.71042989999842,22.1909736000016,5.461394500001916,6.113972300001478,2.293652699998347,4.534354199997324,e9589974-81df-42af-a7da-cb881160d0e0,1
466,24.242770500000915,,,,,,8acdfcbb-e73f-453f-be77-a016a7a59154,-2
467,25.475492899997334,22.313820100003795,5.23371710000356,6.134429899997485,2.2615628999992623,4.302696200000355,46a859a0-6dd4-42ed-9bcf-054af46f4542,1
468,26.430478199996287,,,,,,f28acc92-6c8b-46cf-91c8-b95b8abf0273,-2
469,52.07403889999841,21.64382420000038,5.675960800006578,6.72757460000139,2.4403333000009297,7.564670200001274,c9a09310-1d47-446f-8021-eac560013bf1,1
470,33.67044309999983,22.209475399999064,6.217681899997842,7.541731599998457,3.4886761999987357,6.679920800001128,5edf4cad-fc37-4071-b586-883f56a82641,1
471,32.552979300002335,22.59616520000054,6.2772091000006185,7.6128613999972,3.572982600002433,6.900017099997058,6296568b-3243-40a1-af2a-88418121e87e,1
472,15.440367900002457,22.45065120000072,6.287367599998106,7.392804700000852,3.6826691000023857,6.646274800001265,d87d2b37-8195-450d-a16a-19162bb75d57,1
473,25.757475200000044,22.28187230000185,6.237301200002548,7.599302899998293,9.251018699997076,7.184939400001895,cbccd393-7c2b-4b2e-a3e9-5c10d61db506,1
474,16.72287370000049,22.91154110000207,6.208229100000608,7.3935326000028,3.4854022999970766,6.819550799998979,308ea110-4d4f-41a5-9938-6c58e1e3b2c9,1
475,18.757941500000015,22.689291700000467,6.456506799997442,7.3500060999976995,3.5969798999976774,6.721334599998954,8f35f794-226d-4556-874b-cf9d498b26ff,0
476,12.674205499999516,22.81698029999825,6.229524200000014,7.3565378000021155,3.6863286000007065,6.842854000002262,e532e3d7-6b85-4b85-910d-9c1d414b8cbe,0
477,29.156198499997117,22.429313000000548,6.331656599999405,7.302859399998852,3.5775517000001855,6.576276799998595,1092068e-bdc6-4bfd-a53a-8f73a2e43488,0
478,23.346771600001375,22.5515301000014,6.269924500000343,7.318318900001032,3.444316000000981,6.845867099997122,86f4727b-4e90-48c2-bacd-75cdff0b0110,0
479,22.26352500000212,22.591123800000787,6.234956200001761,7.393166300000303,3.5132167999981903,6.918512000000192,fcae8bb7-24e9-4df9-9949-db5390dddec4,0
480,18.386328599999615,22.291838799999823,6.199976699999752,7.011647399999674,2.9369518000003154,5.777519700000084,8a94eeab-e2f2-4667-a7fb-310a7f2b65a3,1
481,21.473101999999926,22.088277200000448,6.143895300000622,7.154615100000228,5.333282900000086,5.752737800000432,c97b8f99-94e4-4ea1-bc99-36b3c5c7a73f,1
482,30.760177799999838,21.776090500000464,6.087670400000206,7.335034000000633,2.9498135999992883,6.016064600000391,4292e86c-e5eb-4271-bb17-cc64b4715408,1
483,25.041603900000155,22.040498800000023,6.182072300000073,7.26907730000039,2.9040502999996534,5.792940399999679,5a8d1369-26f8-4422-8f56-c59c04417530,1
484,32.4107213999996,22.580374799999845,6.24886349999997,7.278064400000403,2.976749600000403,5.949321800000689,ba7f3efe-ee3a-4f2f-bd8e-923dc0121ecc,1
485,19.034420600000885,22.096484099994996,6.1308726999996,7.328928399998404,3.0335402999990038,8.347109300004377,a550bf76-5012-4ce2-871c-ebce0e38d284,0
486,23.942799399999785,21.80870049999794,6.193837899998471,7.530399799994484,2.9588347999961115,5.850049599997874,4ee4ce6b-ee45-4ed8-abe3-051e283d370c,0
487,19.677851699998428,22.75397900000098,6.143038999995042,7.460484399998677,3.048593699997582,6.253627299993241,d6d7e755-e946-48ec-aa29-51aa0c836c46,0
488,14.911016799997014,22.068465299998934,6.19525579999754,7.246336299998802,3.026359199997387,5.840628800004197,89589154-d0e6-4070-a5a9-b6ba32a3d6e5,0
489,38.22027270000399,,,,,,7400b5a1-792a-4720-a764-59d8aeebf4ac,-1
490,38.878459600004135,,,,,,c9057ce0-5ced-4c6f-af73-c54432177d27,-1
491,39.58472610000172,,,,,,67fb915a-e881-415f-87c1-246d0d5239e3,-1
492,38.85286189999897,,,,,,920539bc-fd9e-4962-b67e-4f5bf633bae6,-1
493,38.80520819999947,,,,,,4e72e114-c09d-4052-8186-214aec8c2793,-1
494,38.676783499999146,,,,,,6d4c8a7a-40cb-4d9e-b6d8-24f19f4bf289,-1
495,39.4626580999975,,,,,,c43283b3-a3f8-4b51-b3d8-b1168ebbd6e4,-1
496,38.11005080000177,,,,,,b804135f-ce46-4480-bdc2-bd58eb13d9c1,-1
497,36.9054094000021,,,,,,97cde8b2-de00-4f26-a302-f0be9f3e5c82,-1
498,36.958060700002534,,,,,,099669a1-236c-4709-9827-96c8ac8613b6,-1
499,36.659458399997675,,,,,,a090c89d-07cc-44e6-9c13-7832bcd5c92a,-1
500,20.31082679999963,,,,,,66321caa-2382-419e-9bf4-4a10d42da1c3,-2
501,18.600534999997762,,,,,,51e91929-7b23-4279-b731-d8b643b71565,-2
502,36.82611380000162,,,,,,c1ba96bf-69d0-43f7-ad7f-3ad69ca84f53,-1
503,27.356783399998676,,,,,,4676cc18-ea07-4dac-ad33-fd0f0d000433,-2
504,36.881532499995956,,,,,,4e20f535-a2f5-45f3-9234-c590a5474c45,-1
505,37.059787900005176,,,,,,28f124b5-250f-4cbd-8869-d96f7621f617,-1
506,39.69216439999582,,,,,,f366fae4-ee82-44f2-a1ff-77d61355b1c3,-1
507,38.995891099999426,,,,,,30355832-543e-41fa-ac29-9b742fb5d2ed,-1
508,36.62599760000012,,,,,,f188385e-88c9-48f5-b570-c592da7c29a6,-1
509,38.33731109999644,,,,,,3133ba7e-dcca-4c0f-ae8b-067e14cecb35,-1
510,38.110942799999975,,,,,,8f127a80-ed5c-4e49-973c-c6f653f5a254,-1
511,37.76317149999977,,,,,,2f792b8b-16f1-4542-93ca-1861d0bf2cea,-1
512,40.4043757000004,,,,,,080eb495-1d37-4875-b125-c64baf86d5a1,-1
513,37.975193899999795,,,,,,0636fdba-d146-4cb8-85bf-b2d8ed8c26bc,-1
514,38.74770930000068,,,,,,b7fcc083-b87a-4349-b95b-db083e1935ce,-1
515,24.949291799999628,21.19928660000005,5.403469799999584,6.092541600000004,2.353308599999764,4.514442100000451,bd6c8eae-aa98-48de-b446-2ef0b4d20678,1
516,38.80328129999998,,,,,,dd1d8f8e-5290-4cf1-9956-ca166f5f820f,-1
517,28.207084900000154,21.805460499999754,5.438256200000069,6.113694900000155,2.3799299000002065,4.735583800000313,8750a4dc-926c-4b31-8fa3-91f2f8914af9,1
518,17.201228300000366,21.760300099999768,5.40511030000016,5.95735969999987,2.3284427999997206,4.512682500000665,79a6f9a6-d251-4aa2-aa80-a9d0033d1b68,1
519,31.210706400000163,22.023378500000035,5.13579480000044,5.800644099999772,2.191939199999979,4.229051600000275,d3693a18-e222-4595-91ed-b136495956dd,1
520,38.250588800000514,,,,,,889bb8d3-21e7-4c7e-abf0-6bbe58f536de,-1
521,38.34613400000035,,,,,,c149335e-95ae-4686-b140-4d76740c1a3f,-1
522,38.56076049999956,,,,,,58bcd17c-f28f-4909-950f-c694f6292817,-1
523,38.38961830000062,,,,,,64938dbe-578e-4762-94ca-f3c075111239,-1
524,38.31343180000022,,,,,,461b5138-5096-484a-a747-6bb3451ab730,-1
